session,chi_utts,mot_utts,chi_tokens,mot_tokens,chi_mlu,mot_mlu,chi_f0,mot_f0,chi_q,mot_q,echoes,near_dups,token_ratio_chi_mot,report_uri
10129,34,23,482,143,14.176471,6.217391,269.239517,241.793109,0.000000,0.000000,18,2,3.370629,file:///Users/genfukuhara/cpsy/out/audio/Nanami/10129_gpu/report.html
10225,3,5,16,247,5.333333,49.400000,279.408113,201.196223,0.000000,0.000000,3,3,0.064777,file:///Users/genfukuhara/cpsy/out/audio/Nanami/10225_gpu/report.html
10421,22,42,101,546,4.590909,13.000000,425.788579,325.071168,0.045455,0.071429,7,1,0.184982,file:///Users/genfukuhara/cpsy/out/audio/Nanami/10421_gpu/report.html
10622,11,31,107,530,9.727273,17.096774,422.472482,297.583423,0.090909,0.354839,4,0,0.201887,file:///Users/genfukuhara/cpsy/out/audio/Nanami/10622_gpu/report.html
10928,34,44,127,672,3.735294,15.272727,497.097535,385.811501,0.176471,0.159091,5,3,0.188988,file:///Users/genfukuhara/cpsy/out/audio/Nanami/10928_gpu/report.html
11025,43,45,284,529,6.604651,11.755556,408.098916,319.411574,0.209302,0.355556,6,0,0.536862,file:///Users/genfukuhara/cpsy/out/audio/Nanami/11025_gpu/report.html
20213,8,10,46,339,5.750000,33.900000,384.070403,309.288558,0.000000,0.000000,1,1,0.135693,file:///Users/genfukuhara/cpsy/out/audio/Nanami/20213_gpu/report.html
20319,3,5,29,601,9.666667,120.200000,333.305531,272.184252,0.000000,0.000000,5,0,0.048253,file:///Users/genfukuhara/cpsy/out/audio/Nanami/20319_gpu/report.html
