n_utts,n_tokens,n_types,mlu,question_rate,dm_per_100t,mental_per_100t,role
29,1806,250,62.275862068965516,0.0,0.8305647840531561,0.0,CHI
17,149,26,8.764705882352942,0.0,0.0,0.0,MOT
