role,f0_mean,f0_sd,energy_mean,speech_rate,pause_p95
CHI,377.80689081060893,215.35726566466997,0.12523871483771423,10.536577637453261,32.09999999999998
MOT,331.3023354124309,222.07696280289557,0.1120356135070324,10.338946591653075,0.0
