role,n_utts,n_tokens,n_types,mlu,mean_turn_len,turn_latency_mean
CHI,29,1806,250,62.275862068965516,132.68965517241378,7.25
MOT,17,149,26,8.764705882352942,12.235294117647058,5.222222222222222
