n_utts,n_tokens,n_types,mlu,question_rate,dm_per_100t,mental_per_100t,role
78,737,208,9.448717948717949,0.1282051282051282,2.03527815468114,1.7639077340569878,CHI
258,3522,635,13.651162790697674,0.11627906976744186,4.060193072118115,0.5394662123793299,MOT
