role,f0_mean,f0_sd,energy_mean,speech_rate,pause_p95
CHI,319.4540407216571,175.50096153674457,0.12109373266307208,10.89704087743602,5.649999999999999
MOT,305.2418846759957,187.96696571753424,0.14388018923039123,10.650655401675296,11.649999999999977
