role,n_utts,n_tokens,n_types,mlu,mean_turn_len,turn_latency_mean
CHI,78,745,211,9.551282051282051,13.013589743589744,1.1207999999999994
MOT,258,3534,640,13.69767441860465,9.699922480620154,3.1346938775510185
