	sonnet4	qwen3-235b	deepseek-v3	gpt-oss-120b
sonnet4	1.0	0.7269114102689361	0.6591668237894771	0.778837358840078
qwen3-235b	0.7269114102689361	1.0	0.6583490370562086	0.7321385894246215
deepseek-v3	0.6591668237894771	0.6583490370562086	1.0	0.6369844016760022
gpt-oss-120b	0.778837358840078	0.7321385894246215	0.6369844016760022	1.0
