	sonnet4	qwen3-235b	deepseek-v3	gpt-oss-120b
sonnet4	1.0	0.555800098654303	0.5637916405462144	0.659211617914259
qwen3-235b	0.555800098654303	1.0	0.5713245874259208	0.4513402985358923
deepseek-v3	0.5637916405462144	0.5713245874259208	1.0	0.5542761968567625
gpt-oss-120b	0.659211617914259	0.4513402985358923	0.5542761968567625	1.0
