	sonnet4	qwen3-235b	deepseek-v3	gpt-oss-120b
sonnet4	1.0	0.6544863321593616	0.5469066054104601	0.6966117153317845
qwen3-235b	0.6544863321593616	1.0	0.6340245743416788	0.6775832080736476
deepseek-v3	0.5469066054104601	0.6340245743416788	1.0	0.6328750697476804
gpt-oss-120b	0.6966117153317845	0.6775832080736476	0.6328750697476804	1.0
