	sonnet4	qwen3-235b	deepseek-v3	gpt-oss-120b
sonnet4	1.0	0.31900288993185566	0.2384816590416323	0.5971236152675891
qwen3-235b	0.31900288993185566	1.0	0.4557550775395634	0.5021031483729224
deepseek-v3	0.2384816590416323	0.4557550775395634	1.0	0.49784166450341694
gpt-oss-120b	0.5971236152675891	0.5021031483729224	0.49784166450341694	1.0
