	sonnet4	qwen3-235b	deepseek-v3	gpt-oss-120b
sonnet4	1.0	0.6281970257400615	0.6094958815806997	0.6357897499347621
qwen3-235b	0.6281970257400615	1.0	0.709507434868329	0.4900855354201942
deepseek-v3	0.6094958815806997	0.709507434868329	1.0	0.5428418974448594
gpt-oss-120b	0.6357897499347621	0.4900855354201942	0.5428418974448594	1.0
