{
  "mode": "feature_subset_sgkf",
  "features": [
    "propernoun_ratio",
    "pronoun_ratio",
    "verb_ratio",
    "discourse_marker_rate",
    "mental_state_rate"
  ],
  "threshold": 0.5,
  "calibrate": "platt",
  "C": 0.25,
  "AUC_mean": 0.8325,
  "BA_mean": 0.675,
  "F1_mean": 0.41798941798941797,
  "MCC_mean": 0.37482668763028243,
  "folds": {
    "AUC": [
      0.97,
      0.6950000000000001
    ],
    "BA": [
      0.825,
      0.525
    ],
    "F1": [
      0.7407407407407407,
      0.09523809523809523
    ]
  }
}