{
  "mode": "StratifiedGroupKFold(2)",
  "n_samples": 60,
  "n_groups": 6,
  "features_used": [
    "len_tokens",
    "pronoun_ratio",
    "propernoun_ratio",
    "noun_ratio",
    "verb_ratio",
    "discourse_marker_rate",
    "repair_rate_umuh",
    "mental_state_rate"
  ],
  "threshold": 0.55,
  "calibrate": "platt",
  "group_norm": "none",
  "auc_mean": 0.7625,
  "f1_mean": 0.4025974025974026,
  "ba_mean": 0.6375000000000001,
  "mcc_mean": 0.24142957546865945,
  "aucs_by_fold": [
    0.9349999999999999,
    0.5900000000000001
  ],
  "f1s_by_fold": [
    0.7142857142857143,
    0.09090909090909091
  ],
  "ba_by_fold": [
    0.8,
    0.47500000000000003
  ],
  "mcc_by_fold": [
    0.5773502691896257,
    -0.09449111825230681
  ],
  "single_class_folds": 0
}