n_utts,n_tokens,n_types,mlu,question_rate,dm_per_100t,mental_per_100t,role
105,961,230,9.152380952380952,0.19047619047619047,3.0176899063475546,0.2081165452653486,CHI
216,4698,624,21.75,0.1111111111111111,4.320987654320987,0.19157088122605365,MOT
