role,f0_mean,f0_sd,energy_mean,speech_rate,pause_p95
CHI,296.2101615413794,143.8368570622723,0.05183991585813817,10.64129351585234,12.0
MOT,273.1593029512586,134.55390684354495,0.050024322652326966,10.512652449920768,7.949999999999989
