role,n_utts,n_tokens,n_types,mlu,mean_turn_len,turn_latency_mean
CHI,105,968,234,9.219047619047618,7.133333333333334,0.5268817204301075
MOT,216,4715,628,21.828703703703702,15.153703703703705,0.20212765957446807
