n_utts,n_tokens,n_types,mlu,question_rate,dm_per_100t,mental_per_100t,role
199,3381,495,16.98994974874372,0.11055276381909548,4.406980183377699,0.11830819284235433,CHI
25,591,158,23.64,0.04,3.045685279187817,1.1844331641285957,MOT
