role,f0_mean,f0_sd,energy_mean,speech_rate,pause_p95
CHI,287.5167751397606,162.10437400934833,0.11096984894955578,10.443236839436553,6.0
MOT,270.0194610279547,182.05412860500593,0.1881656578183174,10.209492822966507,6.4999999999999964
