role,n_utts,n_tokens,n_types,mlu,mean_turn_len,turn_latency_mean
CHI,199,3385,499,17.01005025125628,18.015075376884422,1.8235294117647058
MOT,25,592,159,23.68,14.48,0.7222222222222222
