n_utts,n_tokens,n_types,mlu,question_rate,dm_per_100t,mental_per_100t,role
211,2553,358,12.09952606635071,0.037914691943127965,3.956130043086565,0.03916960438699569,CHI
40,742,191,18.55,0.175,0.6738544474393531,0.5390835579514824,MOT
