role,f0_mean,f0_sd,energy_mean,speech_rate,pause_p95
CHI,287.14453610762763,108.8593845040702,0.11352601832762924,10.74849977505336,20.0
MOT,270.29689936692523,171.47428743485352,0.12847506026737393,10.590542952245539,15.5
