role,n_utts,n_tokens,n_types,mlu,mean_turn_len,turn_latency_mean
CHI,277,3339,459,12.054151624548737,7.607220216606498,2.193548387096774
MOT,54,876,204,16.22222222222222,5.5,0.9
