n_utts,n_tokens,n_types,mlu,question_rate,dm_per_100t,mental_per_100t,role
109,462,185,4.238532110091743,0.05504587155963303,3.2467532467532467,0.0,CHI
517,6928,888,13.400386847195358,0.1470019342359768,4.359122401847575,0.18764434180138567,MOT
