role,f0_mean,f0_sd,energy_mean,speech_rate,pause_p95
CHI,428.6717227137536,213.9660487944715,0.030524305725863222,9.764302955019236,5.849999999999998
MOT,385.1449557128817,213.54076141126006,0.03647985163899553,9.627785118723946,7.0
