role,n_utts,n_tokens,n_types,mlu,mean_turn_len,turn_latency_mean
CHI,109,468,189,4.293577981651376,2.8941284403669725,1.0476190476190477
MOT,517,6960,894,13.462282398452611,5.943829787234043,1.0364705882352943
