n_utts,n_tokens,n_types,mlu,question_rate,dm_per_100t,mental_per_100t,role
53,847,126,15.981132075471699,0.0,6.7296340023612755,0.0,CHI
72,3287,479,45.65277777777778,0.0,4.502585944630362,0.030422878004259205,MOT
