role,f0_mean,f0_sd,energy_mean,speech_rate,pause_p95
CHI,319.9611089263471,179.28350391290329,0.12322542549304243,10.685574691540078,20.0
MOT,301.4017882306131,177.94163908850123,0.10738735801229875,10.686402374924993,2.75
