role,n_utts,n_tokens,n_types,mlu,mean_turn_len,turn_latency_mean
CHI,53,847,126,15.981132075471699,16.30188679245283,1.2222222222222223
MOT,72,3293,483,45.736111111111114,47.18055555555556,1.2666666666666666
