n_utts,n_tokens,n_types,mlu,question_rate,dm_per_100t,mental_per_100t,role
26,384,111,14.76923076923077,0.038461538461538464,2.8645833333333335,0.2604166666666667,CHI
153,4758,616,31.098039215686274,0.12418300653594772,3.741067675493905,0.2101723413198823,MOT
