role,f0_mean,f0_sd,energy_mean,speech_rate,pause_p95
CHI,357.26010580904017,192.8508145852366,0.06487559734710625,10.673645984709673,5.6
MOT,344.3434313310509,189.8843711279501,0.07611817701878708,10.358791707571003,7.5
