role,n_utts,n_tokens,n_types,mlu,mean_turn_len,turn_latency_mean
CHI,26,386,113,14.846153846153847,12.307692307692308,1.4
MOT,153,4763,619,31.130718954248366,22.41830065359477,0.36
