role,n_utts,n_tokens,n_types,mlu,mean_turn_len,turn_latency_mean
CHI,35,396,117,11.314285714285715,10.485714285714286,1.78125
MOT,164,5057,665,30.835365853658537,20.21073170731707,1.25
